image_id,prediction,confidence
test_00001,0,0.8990693092346191
test_00002,0,0.9975941777229309
test_00003,0,0.9805585741996765
test_00004,0,0.9969053864479065
test_00005,1,0.9866353869438171
test_00006,0,0.9941891431808472
test_00007,0,0.9989797472953796
test_00008,0,0.947479248046875
test_00009,0,0.9949848651885986
test_00010,0,0.9644581079483032
test_00011,0,0.9874680042266846
test_00012,0,0.9943029880523682
test_00013,0,0.9989585876464844
test_00014,0,0.9589349031448364
test_00015,0,0.9970239996910095
test_00016,0,0.8164214491844177
test_00017,0,0.9890734553337097
test_00018,0,0.9986143112182617
test_00019,0,0.9996640682220459
test_00020,0,0.9953973889350891
test_00021,0,0.9971428513526917
test_00022,0,0.9969960451126099
test_00023,0,0.8142979741096497
test_00024,0,0.9922919869422913
test_00025,0,0.9972796440124512
test_00026,0,0.9821571111679077
test_00027,0,0.9859352111816406
test_00028,0,0.9942647814750671
test_00029,0,0.9899618625640869
test_00030,0,0.9447901844978333
test_00031,0,0.9983844757080078
test_00032,0,0.9739060401916504
test_00033,0,0.9973857998847961
test_00034,0,0.9996110796928406
test_00035,0,0.9607127904891968
test_00036,0,0.9672093987464905
test_00037,0,0.9938294291496277
test_00038,0,0.9492784142494202
test_00039,0,0.9970659613609314
test_00040,0,0.9652257561683655
test_00041,0,0.9972358345985413
test_00042,0,0.6474438309669495
test_00043,0,0.9991393089294434
test_00044,0,0.9768224954605103
test_00045,0,0.9755762815475464
test_00046,0,0.9978877902030945
test_00047,0,0.9983547329902649
test_00048,0,0.9944777488708496
test_00049,0,0.9994943141937256
test_00050,0,0.9955568909645081
test_00051,0,0.9899644255638123
test_00052,0,0.8082671761512756
test_00053,0,0.9879062175750732
test_00054,0,0.9468047618865967
test_00055,0,0.9958207607269287
test_00056,0,0.9974194765090942
test_00057,0,0.9145632982254028
test_00058,0,0.9934908151626587
test_00059,1,0.5819287300109863
test_00060,0,0.9754149913787842
test_00061,0,0.9938206076622009
test_00062,0,0.9262705445289612
test_00063,0,0.7850701212882996
test_00064,0,0.9938538074493408
test_00065,0,0.9986798167228699
test_00066,0,0.9966279864311218
test_00067,0,0.978712797164917
test_00068,0,0.9415806531906128
test_00069,0,0.9767678380012512
test_00070,0,0.999774158000946
test_00071,0,0.9982357025146484
test_00072,0,0.996713399887085
test_00073,0,0.998009979724884
test_00074,0,0.9970883727073669
test_00075,0,0.7906880974769592
test_00076,0,0.9951379895210266
test_00077,0,0.9981163740158081
test_00078,1,0.5574972033500671
test_00079,0,0.9980150461196899
test_00080,0,0.9631062150001526
test_00081,0,0.9995654225349426
test_00082,0,0.996316134929657
test_00083,0,0.9492273926734924
test_00084,0,0.7852365374565125
test_00085,0,0.9955843091011047
test_00086,0,0.957653820514679
test_00087,1,0.9820665121078491
test_00088,0,0.9861391186714172
test_00089,0,0.9987450838088989
test_00090,0,0.9975938200950623
test_00091,0,0.9939895868301392
test_00092,0,0.998683512210846
test_00093,0,0.9828113317489624
test_00094,0,0.6731661558151245
test_00095,0,0.967542827129364
test_00096,0,0.9828368425369263
test_00097,0,0.9962498545646667
test_00098,0,0.8928542137145996
test_00099,0,0.9741581082344055
test_00100,0,0.889055609703064
test_00101,0,0.5678750276565552
test_00102,0,0.9877008199691772
test_00103,0,0.9986587762832642
test_00104,0,0.9964174032211304
test_00105,0,0.9370728731155396
test_00106,0,0.9423013925552368
test_00107,0,0.9986269474029541
test_00108,0,0.9983304142951965
test_00109,0,0.9963679313659668
test_00110,0,0.981780469417572
test_00111,0,0.9493449926376343
test_00112,0,0.9744191765785217
test_00113,0,0.9850147366523743
test_00114,0,0.9815554022789001
test_00115,0,0.998796820640564
test_00116,0,0.9967350363731384
test_00117,0,0.9887963533401489
test_00118,0,0.9720322489738464
test_00119,0,0.9933813810348511
test_00120,1,0.9350865483283997
test_00121,0,0.9998289346694946
test_00122,0,0.9984252452850342
test_00123,0,0.9958582520484924
test_00124,0,0.9906262159347534
test_00125,0,0.9987925291061401
test_00126,0,0.9844983220100403
test_00127,0,0.9956367611885071
test_00128,0,0.9353306889533997
test_00129,0,0.9986647367477417
test_00130,0,0.999305009841919
test_00131,0,0.9779794812202454
test_00132,0,0.9931674599647522
test_00133,0,0.9715525507926941
test_00134,0,0.9862641096115112
test_00135,0,0.9986968636512756
test_00136,0,0.9767667055130005
test_00137,0,0.9847669005393982
test_00138,0,0.8657825589179993
test_00139,0,0.9938581585884094
test_00140,0,0.9647755026817322
test_00141,1,0.9504406452178955
test_00142,0,0.9836918115615845
test_00143,0,0.9700605273246765
test_00144,0,0.9040659070014954
test_00145,0,0.9977926015853882
test_00146,0,0.9954105019569397
test_00147,0,0.998484194278717
test_00148,0,0.9946978092193604
test_00149,0,0.9843752980232239
test_00150,0,0.9829643368721008
test_00151,0,0.9854364991188049
test_00152,0,0.9914946556091309
test_00153,0,0.9933182001113892
test_00154,0,0.997383177280426
test_00155,0,0.972985029220581
test_00156,0,0.9975873231887817
test_00157,0,0.999779999256134
test_00158,0,0.9982125759124756
test_00159,0,0.9716872572898865
test_00160,0,0.9925141930580139
test_00161,0,0.9946370720863342
test_00162,0,0.957991898059845
test_00163,0,0.9875094294548035
test_00164,1,0.9186574220657349
test_00165,0,0.9966408014297485
test_00166,0,0.9960272312164307
test_00167,0,0.9994268417358398
test_00168,0,0.9075024724006653
test_00169,0,0.9931990504264832
test_00170,0,0.9636033177375793
test_00171,0,0.967582106590271
test_00172,0,0.9289771318435669
test_00173,0,0.8179753422737122
test_00174,0,0.9964621663093567
test_00175,0,0.9809567928314209
test_00176,0,0.7723982334136963
test_00177,0,0.832892894744873
test_00178,0,0.9678149819374084
test_00179,0,0.9902100563049316
test_00180,0,0.6987712979316711
test_00181,0,0.7480168342590332
test_00182,0,0.991908073425293
test_00183,0,0.996394693851471
test_00184,0,0.9768339991569519
test_00185,0,0.9923495054244995
test_00186,0,0.9954378008842468
test_00187,0,0.999068558216095
test_00188,0,0.9850819110870361
test_00189,0,0.9698725342750549
test_00190,0,0.9872352480888367
test_00191,0,0.9506224393844604
test_00192,0,0.9035001993179321
test_00193,0,0.9973034858703613
test_00194,0,0.6480344533920288
test_00195,0,0.8506299257278442
test_00196,0,0.9832645058631897
test_00197,0,0.9636772274971008
test_00198,0,0.9903592467308044
test_00199,0,0.9866349101066589
test_00200,0,0.9808858036994934
test_00201,0,0.9857409596443176
test_00202,0,0.9976135492324829
test_00203,0,0.9944037199020386
test_00204,0,0.7519442439079285
test_00205,0,0.9774870276451111
test_00206,0,0.9992156028747559
test_00207,0,0.9420298337936401
test_00208,0,0.9748744964599609
test_00209,0,0.9193292260169983
test_00210,0,0.9968069791793823
test_00211,0,0.9946320056915283
test_00212,0,0.9648765921592712
test_00213,0,0.9990243911743164
test_00214,0,0.9827622771263123
test_00215,0,0.9833462238311768
test_00216,0,0.9973462820053101
test_00217,0,0.9732041358947754
test_00218,0,0.9963739514350891
test_00219,0,0.9979676604270935
test_00220,0,0.9956920742988586
test_00221,0,0.9904948472976685
test_00222,0,0.9957540035247803
test_00223,0,0.9961957931518555
test_00224,0,0.9454606175422668
test_00225,0,0.8909829258918762
test_00226,0,0.997416615486145
test_00227,0,0.9805405735969543
test_00228,0,0.7619376182556152
test_00229,0,0.9002135992050171
test_00230,0,0.9767611026763916
test_00231,0,0.8600400686264038
test_00232,0,0.9814407825469971
test_00233,1,0.6568701863288879
test_00234,0,0.6741539239883423
test_00235,0,0.9958254098892212
test_00236,0,0.9689305424690247
test_00237,0,0.9529809355735779
test_00238,0,0.9960371851921082
test_00239,0,0.9131038188934326
test_00240,1,0.6144773364067078
test_00241,0,0.931348443031311
test_00242,0,0.9530531764030457
test_00243,0,0.9945551156997681
test_00244,1,0.8921669721603394
test_00245,0,0.6475235223770142
test_00246,0,0.9076853394508362
test_00247,0,0.9549350738525391
test_00248,0,0.943294882774353
test_00249,0,0.9386652112007141
test_00250,0,0.9976491332054138
test_00251,0,0.9957126379013062
test_00252,0,0.848034143447876
test_00253,0,0.979526698589325
test_00254,0,0.9902383089065552
test_00255,0,0.799202024936676
test_00256,0,0.9976277947425842
test_00257,0,0.9958800077438354
test_00258,1,0.8875442743301392
test_00259,0,0.9973317384719849
test_00260,0,0.9948405623435974
test_00261,0,0.9958407282829285
test_00262,0,0.9953882694244385
test_00263,0,0.947489321231842
test_00264,0,0.992628812789917
test_00265,0,0.9924267530441284
test_00266,0,0.9799289107322693
test_00267,0,0.9434778690338135
test_00268,0,0.9668553471565247
test_00269,0,0.9982258677482605
test_00270,1,0.7225236296653748
test_00271,0,0.997612714767456
test_00272,0,0.9990158081054688
test_00273,0,0.9948198199272156
test_00274,0,0.9340042471885681
test_00275,0,0.9954125285148621
test_00276,0,0.9873294830322266
test_00277,0,0.9890828132629395
test_00278,0,0.9996578693389893
test_00279,0,0.9874157309532166
test_00280,0,0.9903587698936462
test_00281,0,0.5561782121658325
test_00282,0,0.9940296411514282
test_00283,0,0.9708611369132996
test_00284,0,0.9830805659294128
test_00285,1,0.5865609049797058
test_00286,0,0.9351137280464172
test_00287,0,0.8426388502120972
test_00288,0,0.985619306564331
test_00289,0,0.7471346855163574
test_00290,0,0.98870450258255
test_00291,0,0.9806767702102661
test_00292,0,0.7111390233039856
test_00293,0,0.9873327612876892
test_00294,0,0.995868980884552
test_00295,0,0.9123496413230896
test_00296,0,0.9522018432617188
test_00297,0,0.9838612079620361
test_00298,0,0.98208087682724
test_00299,0,0.9989111423492432
test_00300,0,0.8292980790138245
test_00301,0,0.8762826323509216
test_00302,1,0.7145980596542358
test_00303,1,0.9895757436752319
test_00304,0,0.9751905798912048
test_00305,0,0.9999111890792847
test_00306,0,0.9757642149925232
test_00307,0,0.9928023219108582
test_00308,0,0.9985187649726868
test_00309,0,0.9926841855049133
test_00310,0,0.9978843331336975
test_00311,0,0.9994823932647705
test_00312,0,0.6411331295967102
test_00313,0,0.9983676075935364
test_00314,0,0.9816832542419434
test_00315,0,0.9853724837303162
test_00316,0,0.9401991367340088
test_00317,0,0.9995935559272766
test_00318,1,0.9103098511695862
test_00319,0,0.9949770569801331
test_00320,0,0.889455258846283
test_00321,0,0.987149178981781
test_00322,0,0.6269951462745667
test_00323,0,0.9961554408073425
test_00324,0,0.9666433334350586
test_00325,1,0.9278672933578491
test_00326,0,0.9939129948616028
test_00327,0,0.9934269189834595
test_00328,0,0.9716102480888367
test_00329,0,0.9992695450782776
test_00330,0,0.9905219078063965
test_00331,0,0.9991236329078674
test_00332,0,0.9809781312942505
test_00333,0,0.9977006316184998
test_00334,0,0.9961093068122864
test_00335,0,0.9837812185287476
test_00336,0,0.9885303378105164
test_00337,1,0.9192343354225159
test_00338,0,0.9975578784942627
test_00339,0,0.984880805015564
test_00340,0,0.9813928008079529
test_00341,0,0.99913090467453
test_00342,0,0.9781526923179626
test_00343,0,0.9993118047714233
test_00344,0,0.9703435301780701
test_00345,0,0.9829034209251404
test_00346,0,0.9958257675170898
test_00347,0,0.9997795224189758
test_00348,0,0.966891348361969
test_00349,0,0.9989076852798462
test_00350,0,0.9986575841903687
test_00351,1,0.9565189480781555
test_00352,0,0.9989377856254578
test_00353,0,0.9986108541488647
test_00354,0,0.9976167678833008
test_00355,0,0.9264340400695801
test_00356,0,0.9446642398834229
test_00357,0,0.7601701021194458
test_00358,0,0.9826235175132751
test_00359,0,0.9986679553985596
test_00360,0,0.9982584118843079
test_00361,0,0.9870261549949646
test_00362,0,0.9337217211723328
test_00363,0,0.9962079524993896
test_00364,0,0.996695876121521
test_00365,0,0.9829993844032288
test_00366,0,0.9859437942504883
test_00367,0,0.9422146677970886
test_00368,0,0.9408112168312073
test_00369,0,0.9995294809341431
test_00370,0,0.9965349435806274
test_00371,0,0.9985594153404236
test_00372,0,0.9953332543373108
test_00373,0,0.9377018809318542
test_00374,0,0.9954018592834473
test_00375,0,0.999619722366333
test_00376,0,0.998072624206543
test_00377,0,0.9980646967887878
test_00378,0,0.9952399730682373
test_00379,0,0.9945841431617737
test_00380,0,0.9993517994880676
test_00381,0,0.978793740272522
test_00382,0,0.7961495518684387
test_00383,0,0.9984874725341797
test_00384,0,0.9916464686393738
test_00385,0,0.6571168303489685
test_00386,0,0.9485294818878174
test_00387,0,0.9974045157432556
test_00388,0,0.9317225217819214
test_00389,0,0.9980757236480713
test_00390,0,0.9470534920692444
test_00391,0,0.9954044818878174
test_00392,0,0.9961071610450745
test_00393,0,0.9975391626358032
test_00394,0,0.992335855960846
test_00395,0,0.999411940574646
test_00396,0,0.9961001873016357
test_00397,0,0.9957625269889832
test_00398,0,0.995991051197052
test_00399,0,0.9970472455024719
test_00400,0,0.9959290623664856
test_00401,0,0.9734651446342468
test_00402,0,0.8608701229095459
test_00403,0,0.9485678672790527
test_00404,0,0.9561572074890137
test_00405,0,0.9983715415000916
test_00406,0,0.9927228093147278
test_00407,0,0.7054915428161621
test_00408,0,0.9876168370246887
test_00409,0,0.9995678067207336
test_00410,0,0.9967558979988098
test_00411,0,0.9769456386566162
test_00412,0,0.9996521472930908
test_00413,0,0.9965865612030029
test_00414,1,0.6188505291938782
test_00415,0,0.9952802658081055
test_00416,0,0.9976987242698669
test_00417,0,0.94105464220047
test_00418,0,0.9941083192825317
test_00419,1,0.8017940521240234
test_00420,0,0.6145595908164978
test_00421,0,0.8759000897407532
test_00422,0,0.9841432571411133
test_00423,0,0.9896366000175476
test_00424,0,0.9921257495880127
test_00425,0,0.8759289979934692
test_00426,0,0.9994457364082336
test_00427,0,0.9861406087875366
test_00428,0,0.996640682220459
test_00429,0,0.9977898597717285
test_00430,0,0.9859477281570435
test_00431,0,0.9645088315010071
test_00432,0,0.9803337454795837
test_00433,0,0.9996566772460938
test_00434,0,0.979872465133667
test_00435,0,0.9872116446495056
test_00436,1,0.8996030688285828
test_00437,0,0.9368208646774292
test_00438,0,0.995779275894165
test_00439,0,0.9850297570228577
test_00440,0,0.8647801876068115
test_00441,0,0.9996606111526489
test_00442,0,0.9915302991867065
test_00443,0,0.9703969359397888
test_00444,0,0.9850167036056519
test_00445,0,0.9977713823318481
test_00446,0,0.9932900667190552
test_00447,0,0.9794757962226868
test_00448,0,0.8505938053131104
test_00449,0,0.9948326349258423
test_00450,0,0.9984567165374756
test_00451,0,0.9922447800636292
test_00452,0,0.9892388582229614
test_00453,0,0.9926417469978333
test_00454,1,0.8639663457870483
test_00455,0,0.9806964993476868
test_00456,0,0.8836820125579834
test_00457,0,0.9984731078147888
test_00458,0,0.9485435485839844
test_00459,0,0.974790096282959
test_00460,0,0.9997201561927795
test_00461,0,0.9995381832122803
test_00462,0,0.9979627132415771
test_00463,0,0.9728060960769653
test_00464,0,0.9992259740829468
test_00465,0,0.9917265176773071
test_00466,0,0.9359368085861206
test_00467,0,0.9924238920211792
test_00468,0,0.98842853307724
test_00469,0,0.9189996123313904
test_00470,0,0.9988493919372559
test_00471,0,0.9940407872200012
test_00472,0,0.9643746614456177
test_00473,0,0.9911906719207764
test_00474,0,0.9949994087219238
test_00475,0,0.9956735968589783
test_00476,0,0.9104315638542175
test_00477,0,0.9890103936195374
test_00478,0,0.9900834560394287
test_00479,0,0.6379302144050598
test_00480,0,0.9845794439315796
test_00481,0,0.9779903888702393
test_00482,0,0.9993414282798767
test_00483,0,0.9990824460983276
test_00484,0,0.9851428866386414
test_00485,0,0.9843946099281311
test_00486,0,0.9850512742996216
test_00487,0,0.9904769659042358
test_00488,0,0.9989325404167175
test_00489,0,0.9994636178016663
test_00490,0,0.9982275366783142
test_00491,0,0.9687300324440002
test_00492,0,0.9986936450004578
test_00493,0,0.9979222416877747
test_00494,0,0.9779374003410339
test_00495,0,0.9956667423248291
test_00496,0,0.9954521059989929
test_00497,0,0.9901145696640015
test_00498,0,0.9954715967178345
test_00499,0,0.9898749589920044
test_00500,0,0.8178362846374512
test_00501,0,0.7155842185020447
test_00502,0,0.8441344499588013
test_00503,0,0.9671965837478638
test_00504,1,0.6084246039390564
test_00505,0,0.8881348967552185
test_00506,0,0.9072441458702087
test_00507,0,0.9416776895523071
test_00508,0,0.9828811883926392
test_00509,0,0.9894680380821228
test_00510,1,0.5754472613334656
test_00511,0,0.989492654800415
test_00512,0,0.8438414335250854
test_00513,0,0.9941809773445129
test_00514,0,0.9484840035438538
test_00515,0,0.998680055141449
test_00516,0,0.9928951859474182
test_00517,1,0.6579013466835022
test_00518,0,0.9984375834465027
test_00519,0,0.9947810769081116
test_00520,0,0.8391077518463135
test_00521,1,0.5601667761802673
test_00522,0,0.9892946481704712
test_00523,0,0.991519033908844
test_00524,0,0.9750971794128418
test_00525,0,0.9328015446662903
test_00526,0,0.9905479550361633
test_00527,0,0.9878320097923279
test_00528,0,0.9972643852233887
test_00529,0,0.9986315369606018
test_00530,0,0.9984650611877441
test_00531,0,0.9524004459381104
test_00532,0,0.9772960543632507
test_00533,0,0.999058187007904
test_00534,0,0.9895162582397461
test_00535,0,0.9956575632095337
test_00536,0,0.9580650925636292
test_00537,0,0.9985561966896057
test_00538,0,0.9932110905647278
test_00539,0,0.7716155648231506
test_00540,0,0.9598256349563599
test_00541,0,0.8848533630371094
test_00542,0,0.9815089702606201
test_00543,0,0.7779724597930908
test_00544,0,0.9929172992706299
test_00545,0,0.7601128220558167
test_00546,0,0.9993072748184204
test_00547,0,0.9412546157836914
test_00548,0,0.9858580231666565
test_00549,0,0.9784607291221619
test_00550,0,0.9994010925292969
test_00551,0,0.999180257320404
test_00552,0,0.999497652053833
test_00553,0,0.9786537289619446
test_00554,0,0.9803004264831543
test_00555,0,0.9992654919624329
test_00556,0,0.6489087343215942
test_00557,0,0.8825953602790833
test_00558,0,0.9418585896492004
test_00559,0,0.9876843690872192
test_00560,0,0.9968684315681458
test_00561,0,0.9866477251052856
test_00562,0,0.9996542930603027
test_00563,0,0.9984777569770813
test_00564,0,0.9949383735656738
test_00565,0,0.9919496774673462
test_00566,0,0.9932771325111389
test_00567,0,0.994375467300415
test_00568,0,0.8975688219070435
test_00569,0,0.9804291725158691
test_00570,0,0.9962759017944336
test_00571,0,0.8520057201385498
test_00572,0,0.9991509914398193
test_00573,0,0.9691908955574036
test_00574,0,0.9994204044342041
test_00575,0,0.9978463649749756
test_00576,1,0.6647986769676208
test_00577,0,0.76144939661026
test_00578,0,0.7810713648796082
test_00579,0,0.9874217510223389
test_00580,0,0.8753170371055603
test_00581,0,0.9920348525047302
test_00582,0,0.9946669340133667
test_00583,0,0.6627140045166016
test_00584,0,0.9932924509048462
test_00585,0,0.9968262910842896
test_00586,0,0.9975855350494385
test_00587,1,0.816224992275238
test_00588,0,0.9684712290763855
test_00589,0,0.9582987427711487
test_00590,0,0.9217674136161804
test_00591,0,0.5340851545333862
test_00592,0,0.9928833246231079
test_00593,0,0.9968835711479187
test_00594,0,0.9984408020973206
test_00595,0,0.8999753594398499
test_00596,0,0.9741990566253662
test_00597,0,0.9980487823486328
test_00598,0,0.9978470802307129
test_00599,1,0.6157387495040894
test_00600,0,0.8092454671859741
test_00601,0,0.9947850108146667
test_00602,0,0.9976885318756104
test_00603,0,0.9859108924865723
test_00604,0,0.9763578772544861
test_00605,0,0.9446709156036377
test_00606,0,0.6246840357780457
test_00607,0,0.9961898326873779
test_00608,0,0.9980102181434631
test_00609,0,0.8950236439704895
test_00610,0,0.9955045580863953
test_00611,0,0.9938919544219971
test_00612,0,0.9993038177490234
test_00613,0,0.9934718608856201
test_00614,0,0.9952229857444763
test_00615,0,0.999995231628418
test_00616,0,0.9976428151130676
test_00617,1,0.7772214412689209
test_00618,0,0.9998694658279419
test_00619,0,0.9907233119010925
test_00620,0,0.9167065024375916
test_00621,0,0.9972238540649414
test_00622,0,0.9784195423126221
test_00623,0,0.9538615942001343
test_00624,0,0.990084171295166
test_00625,1,0.9239193797111511
test_00626,0,0.9015599489212036
test_00627,0,0.9511677622795105
test_00628,0,0.9985289573669434
test_00629,0,0.9964358806610107
test_00630,0,0.9561603665351868
test_00631,0,0.9855722784996033
test_00632,0,0.7169552445411682
test_00633,0,0.8484717011451721
test_00634,0,0.9894586801528931
test_00635,0,0.9829587340354919
test_00636,0,0.9978680610656738
test_00637,0,0.9970707893371582
test_00638,0,0.9946863651275635
test_00639,0,0.6734582185745239
test_00640,0,0.9878067374229431
test_00641,1,0.9563086032867432
test_00642,1,0.9994033575057983
test_00643,1,0.9988542795181274
test_00644,1,0.9944479465484619
test_00645,1,0.842738687992096
test_00646,1,0.9922526478767395
test_00647,1,0.9947707056999207
test_00648,1,0.9998655319213867
test_00649,1,0.9920652508735657
test_00650,1,0.9530319571495056
test_00651,1,0.9409018158912659
test_00652,1,0.998264729976654
test_00653,1,0.9989877343177795
test_00654,1,0.9865370988845825
test_00655,1,0.9996353387832642
test_00656,1,0.9995622038841248
test_00657,1,0.9196175932884216
test_00658,1,0.9976707100868225
test_00659,1,0.9989194869995117
test_00660,1,0.9996626377105713
test_00661,1,0.9982315897941589
test_00662,1,0.9967867136001587
test_00663,1,0.9572688341140747
test_00664,1,0.998991072177887
test_00665,1,0.7902846932411194
test_00666,1,0.9897464513778687
test_00667,1,0.9999653100967407
test_00668,1,0.9993963241577148
test_00669,1,0.9947916269302368
test_00670,1,0.9928083419799805
test_00671,1,0.9764055013656616
test_00672,1,0.9779706597328186
test_00673,1,0.9987391829490662
test_00674,1,0.9959365129470825
test_00675,1,0.9470692276954651
test_00676,1,0.9992499947547913
test_00677,1,0.9991999268531799
test_00678,1,0.9998629093170166
test_00679,1,0.9920080900192261
test_00680,1,0.9984765648841858
test_00681,1,0.9964566826820374
test_00682,1,0.9964187145233154
test_00683,1,0.9707895517349243
test_00684,1,0.9649347066879272
test_00685,1,0.9984073042869568
test_00686,1,0.9720850586891174
test_00687,1,0.9938138723373413
test_00688,1,0.9859499335289001
test_00689,1,0.9998364448547363
test_00690,1,0.9129725098609924
test_00691,1,0.9407169222831726
test_00692,1,0.9963390827178955
test_00693,1,0.9906502962112427
test_00694,1,0.9982909560203552
test_00695,1,0.9932532906532288
test_00696,1,0.8966707587242126
test_00697,1,0.9992469549179077
test_00698,1,0.9871264100074768
test_00699,1,0.9996854066848755
test_00700,1,0.9993646740913391
test_00701,1,0.9999539852142334
test_00702,1,0.9977881908416748
test_00703,1,0.8774679899215698
test_00704,1,0.7351385951042175
test_00705,1,0.999619722366333
test_00706,1,0.9988314509391785
test_00707,1,0.9994003772735596
test_00708,1,0.9994074106216431
test_00709,1,0.9925107955932617
test_00710,1,0.9955684542655945
test_00711,1,0.9978379607200623
test_00712,1,0.999453604221344
test_00713,1,0.9968434572219849
test_00714,1,0.9445760250091553
test_00715,1,0.9995917677879333
test_00716,1,0.9817101359367371
test_00717,1,0.9978686571121216
test_00718,1,0.6074651479721069
test_00719,1,0.9991050362586975
test_00720,1,0.9855539202690125
test_00721,1,0.9988289475440979
test_00722,1,0.9974787831306458
test_00723,1,0.9546297788619995
test_00724,1,0.9090765118598938
test_00725,1,0.9990973472595215
test_00726,1,0.942027747631073
test_00727,1,0.9925552010536194
test_00728,1,0.9774762988090515
test_00729,1,0.9985505938529968
test_00730,1,0.8961691856384277
test_00731,1,0.9918973445892334
test_00732,1,0.9969125986099243
test_00733,1,0.9065011739730835
test_00734,0,0.9018181562423706
test_00735,1,0.9994766116142273
test_00736,1,0.9996845722198486
test_00737,0,0.9941685199737549
test_00738,1,0.986078679561615
test_00739,1,0.9786415696144104
test_00740,1,0.9968536496162415
test_00741,1,0.9963443875312805
test_00742,0,0.6454154849052429
test_00743,1,0.9996674060821533
test_00744,1,0.9997023940086365
test_00745,1,0.9997339844703674
test_00746,1,0.9997389912605286
test_00747,1,0.9840191602706909
test_00748,0,0.673690676689148
test_00749,1,0.9884129166603088
test_00750,0,0.7824172377586365
test_00751,1,0.76483553647995
test_00752,1,0.8507456183433533
test_00753,1,0.9989615678787231
test_00754,1,0.9786520600318909
test_00755,1,0.9593446850776672
test_00756,1,0.9929288029670715
test_00757,1,0.9951764345169067
test_00758,1,0.9857051372528076
test_00759,1,0.8453270196914673
test_00760,1,0.9993335604667664
test_00761,1,0.9998651742935181
test_00762,1,0.9952528476715088
test_00763,1,0.9965870380401611
test_00764,1,0.9951519966125488
test_00765,1,0.9989560842514038
test_00766,1,0.9030690789222717
test_00767,1,0.9996302127838135
test_00768,1,0.9697197079658508
test_00769,1,0.9748109579086304
test_00770,1,0.9573308825492859
test_00771,1,0.9851256608963013
test_00772,0,0.598159909248352
test_00773,1,0.7956322431564331
test_00774,1,0.9772633910179138
test_00775,1,0.988243043422699
test_00776,1,0.6371793746948242
test_00777,1,0.999699592590332
test_00778,1,0.7984221577644348
test_00779,1,0.9201491475105286
test_00780,0,0.6598991751670837
test_00781,1,0.9690309166908264
test_00782,1,0.9991236329078674
test_00783,1,0.9618111252784729
test_00784,1,0.997065007686615
test_00785,1,0.9599063396453857
test_00786,0,0.9214990139007568
test_00787,1,0.9756631255149841
test_00788,1,0.9744675159454346
test_00789,1,0.9935235977172852
test_00790,1,0.9986823201179504
test_00791,1,0.9956362843513489
test_00792,1,0.9880430698394775
test_00793,1,0.5147059559822083
test_00794,1,0.936345100402832
test_00795,1,0.5105934143066406
test_00796,1,0.9874114394187927
test_00797,1,0.9785957336425781
test_00798,1,0.9840003848075867
test_00799,1,0.9997656941413879
test_00800,1,0.9802263975143433
test_00801,1,0.9781455993652344
test_00802,1,0.7000935673713684
test_00803,1,0.9930410385131836
test_00804,1,0.813145637512207
test_00805,1,0.9989140033721924
test_00806,1,0.9992827773094177
test_00807,1,0.9964812994003296
test_00808,1,0.9997286200523376
test_00809,1,0.9959420561790466
test_00810,1,0.9999301433563232
test_00811,1,0.980143129825592
test_00812,1,0.9502601027488708
test_00813,1,0.881817102432251
test_00814,1,0.8177898526191711
test_00815,1,0.9997872710227966
test_00816,1,0.9828048348426819
test_00817,1,0.9896823763847351
test_00818,1,0.8366574645042419
test_00819,1,0.9752487540245056
test_00820,1,0.9940181970596313
test_00821,1,0.9965513944625854
test_00822,1,0.9250811338424683
test_00823,1,0.9992955923080444
test_00824,1,0.9843170642852783
test_00825,1,0.9273097515106201
test_00826,1,0.9784542322158813
test_00827,1,0.9812541007995605
test_00828,0,0.7386921048164368
test_00829,1,0.9616826772689819
test_00830,1,0.9984377026557922
test_00831,1,0.9621307253837585
test_00832,1,0.9991551637649536
test_00833,1,0.9889363646507263
test_00834,1,0.989462673664093
test_00835,1,0.9704510569572449
test_00836,1,0.9976922273635864
test_00837,1,0.9968183040618896
test_00838,1,0.8385359644889832
test_00839,1,0.8546702265739441
test_00840,1,0.9999816417694092
test_00841,1,0.8439977169036865
test_00842,1,0.9984941482543945
test_00843,1,0.9509722590446472
test_00844,1,0.9198029041290283
test_00845,1,0.9972285628318787
test_00846,0,0.9205478429794312
test_00847,1,0.9967679977416992
test_00848,0,0.762671947479248
test_00849,1,0.9127056002616882
test_00850,1,0.9980130195617676
test_00851,1,0.9823511838912964
test_00852,1,0.9997518658638
test_00853,1,0.848649263381958
test_00854,1,0.9395949840545654
test_00855,1,0.9823529124259949
test_00856,0,0.9727088212966919
test_00857,1,0.9954034090042114
test_00858,1,0.879246175289154
test_00859,1,0.9933581948280334
test_00860,1,0.9957736134529114
test_00861,1,0.9543795585632324
test_00862,1,0.9636414647102356
test_00863,1,0.9510284066200256
test_00864,1,0.976330578327179
test_00865,1,0.9444220662117004
test_00866,1,0.6713321208953857
test_00867,1,0.9869500994682312
test_00868,0,0.9932250380516052
test_00869,1,0.9961722493171692
test_00870,1,0.9948776960372925
test_00871,1,0.9906460046768188
test_00872,1,0.9972307085990906
test_00873,0,0.975646436214447
test_00874,0,0.533389151096344
test_00875,1,0.5065903067588806
test_00876,1,0.9908515810966492
test_00877,1,0.9957828521728516
test_00878,0,0.8437578082084656
test_00879,1,0.9985706806182861
test_00880,1,0.9991594552993774
test_00881,1,0.9800717830657959
test_00882,1,0.9543659090995789
test_00883,1,0.8366543650627136
test_00884,1,0.9993985891342163
test_00885,1,0.9992269277572632
test_00886,1,0.9908545017242432
test_00887,1,0.6745002269744873
test_00888,1,0.9448302388191223
test_00889,1,0.9992792010307312
test_00890,0,0.748574435710907
test_00891,1,0.9507458209991455
test_00892,1,0.8786156177520752
test_00893,1,0.9862942099571228
test_00894,1,0.9876410365104675
test_00895,1,0.998167872428894
test_00896,1,0.9801595211029053
test_00897,1,0.9986839890480042
test_00898,1,0.9680375456809998
test_00899,1,0.8321267366409302
test_00900,1,0.9901283383369446
test_00901,1,0.9937350153923035
test_00902,1,0.5908089280128479
test_00903,1,0.9512351751327515
test_00904,1,0.9706847667694092
test_00905,1,0.9218196868896484
test_00906,0,0.9316971302032471
test_00907,1,0.9715016484260559
test_00908,0,0.9941768646240234
test_00909,0,0.7852859497070312
test_00910,1,0.9927504062652588
test_00911,1,0.9999336004257202
test_00912,0,0.9711687564849854
test_00913,1,0.5570158362388611
test_00914,1,0.949295163154602
test_00915,1,0.969553530216217
test_00916,1,0.9205279350280762
test_00917,1,0.9984251260757446
test_00918,1,0.9495180249214172
test_00919,1,0.9884287714958191
test_00920,0,0.840968668460846
test_00921,1,0.9999934434890747
test_00922,1,0.9786964654922485
test_00923,1,0.966528594493866
test_00924,1,0.9991461038589478
test_00925,1,0.974751353263855
test_00926,1,0.8815714120864868
test_00927,1,0.9980124235153198
test_00928,0,0.9080178141593933
test_00929,1,0.5331803560256958
test_00930,1,0.9694007039070129
test_00931,1,0.9931948184967041
test_00932,1,0.9999369382858276
test_00933,1,0.9994057416915894
test_00934,1,0.9148017168045044
test_00935,1,0.9999915361404419
test_00936,1,0.9990237951278687
test_00937,1,0.9983828067779541
test_00938,1,0.9971154928207397
test_00939,1,0.9900704026222229
test_00940,0,0.9040536284446716
test_00941,1,0.7286105155944824
test_00942,1,0.9722101092338562
test_00943,1,0.9944297671318054
test_00944,1,0.995812714099884
test_00945,1,0.9359965324401855
test_00946,1,0.9359519481658936
test_00947,1,0.9986308217048645
test_00948,1,0.9751036763191223
test_00949,1,0.9202812314033508
test_00950,0,0.6495683789253235
test_00951,1,0.9972516894340515
test_00952,1,0.9960038065910339
test_00953,1,0.9996951818466187
test_00954,0,0.9795463681221008
test_00955,1,0.9628301858901978
test_00956,1,0.9762909412384033
test_00957,1,0.7165126204490662
test_00958,1,0.999404788017273
test_00959,0,0.9893346428871155
test_00960,1,0.9962936043739319
test_00961,1,0.9962249994277954
test_00962,1,0.9997391104698181
test_00963,1,0.9978207349777222
test_00964,1,0.9291291236877441
test_00965,1,0.9994164705276489
test_00966,1,0.9932199716567993
test_00967,1,0.9920498728752136
test_00968,1,0.9918409585952759
test_00969,1,0.9839721918106079
test_00970,1,0.9993820190429688
test_00971,1,0.9868083596229553
test_00972,1,0.9909881949424744
test_00973,1,0.9955567717552185
test_00974,1,0.9983752965927124
test_00975,1,0.8021074533462524
test_00976,1,0.9900652766227722
test_00977,0,0.7851972579956055
test_00978,1,0.9871435761451721
test_00979,1,0.9998798370361328
test_00980,1,0.9968246221542358
test_00981,1,0.9261132478713989
test_00982,1,0.9794365763664246
test_00983,1,0.9984731078147888
test_00984,1,0.9989660978317261
test_00985,1,0.9844356775283813
test_00986,1,0.9999377727508545
test_00987,1,0.9985744953155518
test_00988,1,0.811611533164978
test_00989,1,0.9887941479682922
test_00990,1,0.9977287650108337
test_00991,1,0.9912208914756775
test_00992,1,0.7827839851379395
test_00993,1,0.9995204210281372
test_00994,1,0.998584508895874
test_00995,1,0.990140974521637
test_00996,1,0.9992707371711731
test_00997,1,0.9840041995048523
test_00998,1,0.9657090902328491
test_00999,1,0.9895927906036377
test_01000,1,0.9483603835105896
test_01001,1,0.9361319541931152
test_01002,1,0.9973416924476624
test_01003,1,0.9997891783714294
test_01004,1,0.9937065243721008
test_01005,1,0.9721524119377136
test_01006,1,0.9867634177207947
test_01007,1,0.9964537620544434
test_01008,1,0.9882181286811829
test_01009,1,0.9681991338729858
test_01010,1,0.9996917247772217
test_01011,1,0.6538986563682556
test_01012,1,0.9782570600509644
test_01013,1,0.9889442920684814
test_01014,1,0.9968902468681335
test_01015,1,0.9999185800552368
test_01016,1,0.7209246158599854
test_01017,1,0.9992597699165344
test_01018,1,0.999788224697113
test_01019,1,0.9979926347732544
test_01020,1,0.9737659692764282
test_01021,1,0.9897274374961853
test_01022,1,0.9461740851402283
test_01023,1,0.9976953864097595
test_01024,1,0.9991888403892517
test_01025,1,0.972575306892395
test_01026,1,0.9944197535514832
test_01027,1,0.9992777705192566
test_01028,1,0.9998656511306763
test_01029,1,0.9621265530586243
test_01030,1,0.9999721050262451
test_01031,1,0.9955527186393738
test_01032,1,0.9746520519256592
test_01033,1,0.9895909428596497
test_01034,1,0.9928188920021057
test_01035,1,0.9655755758285522
test_01036,1,0.9987817406654358
test_01037,1,0.9998595714569092
test_01038,1,0.976193904876709
test_01039,1,0.5702100992202759
test_01040,1,0.9936460256576538
test_01041,1,0.9782631993293762
test_01042,1,0.9586582779884338
test_01043,1,0.9822582006454468
test_01044,1,0.947658121585846
test_01045,1,0.9991902709007263
test_01046,1,0.9408073425292969
test_01047,1,0.9737443327903748
test_01048,1,0.9057849049568176
test_01049,1,0.9828236103057861
test_01050,1,0.9984754920005798
test_01051,1,0.9926888346672058
test_01052,1,0.981782078742981
test_01053,1,0.9920781254768372
test_01054,1,0.9998284578323364
test_01055,1,0.9999154806137085
test_01056,1,0.9610328674316406
test_01057,1,0.8974635601043701
test_01058,1,0.9971107244491577
test_01059,1,0.9870636463165283
test_01060,1,0.8821598291397095
test_01061,1,0.9931291937828064
test_01062,1,0.987357497215271
test_01063,1,0.9990119934082031
test_01064,1,0.9981129169464111
test_01065,1,0.9938352108001709
test_01066,1,0.9964308738708496
test_01067,1,0.9303396344184875
test_01068,1,0.7787750363349915
test_01069,1,0.990605890750885
test_01070,1,0.9989032745361328
test_01071,1,0.8277680277824402
test_01072,1,0.9994117021560669
test_01073,0,0.681783139705658
test_01074,1,0.9384173154830933
test_01075,1,0.932548463344574
test_01076,0,0.7340089678764343
test_01077,1,0.9852808117866516
test_01078,1,0.9477085471153259
test_01079,1,0.9842575788497925
test_01080,1,0.9659333825111389
test_01081,1,0.656204879283905
test_01082,1,0.9417911171913147
test_01083,1,0.9704394936561584
test_01084,1,0.9995282888412476
test_01085,1,0.9684364199638367
test_01086,1,0.9400374889373779
test_01087,1,0.9761926531791687
test_01088,1,0.9539663791656494
test_01089,1,0.897541344165802
test_01090,1,0.9954582452774048
test_01091,1,0.9207278490066528
test_01092,1,0.9985185265541077
test_01093,1,0.9989546537399292
test_01094,1,0.6516128182411194
test_01095,0,0.6499710083007812
test_01096,0,0.9223603010177612
test_01097,1,0.9654698967933655
test_01098,1,0.9446955323219299
test_01099,1,0.997990608215332
test_01100,1,0.9908933639526367
test_01101,1,0.9994290471076965
test_01102,1,0.9999263286590576
test_01103,1,0.905444860458374
test_01104,1,0.8042761087417603
test_01105,1,0.9875368475914001
test_01106,1,0.9996026158332825
test_01107,1,0.9819022417068481
test_01108,0,0.7124046087265015
test_01109,1,0.9955344200134277
test_01110,1,0.9708512425422668
test_01111,1,0.9798641204833984
test_01112,1,0.9080377221107483
test_01113,1,0.9907456636428833
test_01114,1,0.9997979998588562
test_01115,1,0.9999216794967651
test_01116,1,0.8113617897033691
test_01117,1,0.9903608560562134
test_01118,1,0.993388295173645
test_01119,1,0.9856955409049988
test_01120,1,0.9941522479057312
test_01121,1,0.9990314245223999
test_01122,1,0.9975034594535828
test_01123,1,0.9998325109481812
test_01124,1,0.9947646856307983
test_01125,1,0.9787052273750305
test_01126,1,0.8410247564315796
test_01127,1,0.8247653841972351
test_01128,1,0.998711347579956
test_01129,1,0.9813608527183533
test_01130,1,0.9919772744178772
test_01131,1,0.9546604156494141
test_01132,1,0.9445286989212036
test_01133,1,0.9938163757324219
test_01134,1,0.9965884685516357
test_01135,1,0.9990629553794861
test_01136,0,0.9885061979293823
test_01137,1,0.9979575872421265
test_01138,1,0.9844748973846436
test_01139,1,0.9897909760475159
test_01140,1,0.8965796232223511
test_01141,1,0.533466637134552
test_01142,1,0.9715500473976135
test_01143,1,0.9663052558898926
test_01144,0,0.971290647983551
test_01145,1,0.9809951186180115
test_01146,0,0.618338406085968
test_01147,1,0.9671110510826111
test_01148,1,0.9758734107017517
test_01149,1,0.9862111210823059
test_01150,1,0.9975690245628357
test_01151,1,0.9589913487434387
test_01152,0,0.868022084236145
test_01153,1,0.8863974809646606
test_01154,1,0.8550645112991333
test_01155,0,0.8685768842697144
test_01156,1,0.9996788501739502
test_01157,1,0.9776585102081299
test_01158,1,0.9911690950393677
test_01159,1,0.8770824074745178
test_01160,1,0.9969971179962158
test_01161,1,0.9624925851821899
test_01162,1,0.9972949624061584
test_01163,1,0.9887707233428955
test_01164,1,0.9947412014007568
test_01165,1,0.5763335824012756
test_01166,1,0.9040866494178772
test_01167,1,0.9767036437988281
test_01168,0,0.5889429450035095
test_01169,1,0.5634492635726929
test_01170,1,0.9956144094467163
test_01171,1,0.9997120499610901
test_01172,1,0.9930954575538635
test_01173,1,0.9868103265762329
test_01174,1,0.9577287435531616
test_01175,1,0.8950226902961731
test_01176,1,0.9667294025421143
test_01177,1,0.9307339191436768
test_01178,1,0.9947707056999207
test_01179,1,0.9963705539703369
test_01180,1,0.984721839427948
test_01181,1,0.9989110231399536
test_01182,1,0.9870577454566956
test_01183,1,0.9031561017036438
test_01184,1,0.9996342658996582
